{"IcoMoonType":"selection","icons":[{"icon":{"paths":["M786.33 511.898l-487.731-501.658-60.826 62.771 426.598 438.989-426.701 438.989 60.928 62.771 487.731-501.862z"],"attrs":[{}],"isMulticolor":false,"isMulticolor2":false,"grid":0,"tags":["Slick-arrow"]},"attrs":[{}],"properties":{"order":4,"id":0,"name":"Slick-arrow","prevSize":32,"code":59648},"setIdx":0,"setId":3,"iconIdx":0}],"height":1024,"metadata":{"name":"icomoon"},"preferences":{"showGlyphs":true,"showQuickUse":true,"showQuickUse2":true,"showSVGs":true,"fontPref":{"prefix":"icon-","metadata":{"fontFamily":"icomoon"},"metrics":{"emSize":1024,"baseline":6.25,"whitespace":50},"embed":false},"imagePref":{"prefix":"icon-","png":true,"useClassSelector":true,"color":0,"bgColor":16777215,"classSelector":".icon"},"historySize":50,"showCodes":true,"gridSize":16}}